client_id,qty,shipping_price,line_price,line_cost,line_profit
33615,78,1523.3400000000001,16392.81,13569.66,2823.1500000000015
33615,568,109379.76000000001,262060.25,222059.6,40000.649999999994
46820,118,4666.900000000001,22647.79,17820.36,4827.43
46820,133,6563.55,8330.19,7396.13,934.0600000000004
66037,157,408.2,52223.46,26484.33,25739.129999999997
46820,4431,35049.21,46423.92,40056.24,6367.68
24741,65,436.8,1128.39,967.8499999999999,160.5400000000002
66037,15,40.50000000000001,1229.23,629.7,599.53
38378,691,38550.89,330940.73,254896.07999999996,76044.65000000002
24741,214,235.39999999999998,4096.09,2764.88,1331.21
46820,9,81.0,5491.65,4158.09,1333.5599999999995
24741,30,581.6999999999999,1118.28,888.0,230.27999999999997
33615,26,345.79999999999995,6684.55,4390.62,2293.9300000000003
38378,24,1058.3999999999999,4764.96,3625.2,1139.7600000000002
38378,37,88.79999999999998,4012.34,2863.0600000000004,1149.2799999999997
66037,90,4491.900000000001,15890.3,9774.0,6116.299999999999
33615,36,783.7199999999999,1213.72,1042.1999999999998,171.5200000000002
24741,47,5935.16,6560.16,5992.5,567.6599999999999
46820,154,6457.22,10162.0,9110.64,1051.3600000000006
66037,63,979.0200000000001,1666.31,1377.8100000000002,288.4999999999998
46820,54,1319.22,24084.12,14411.519999999999,9672.6
66037,110,3303.2999999999997,9134.5,6185.299999999999,2949.2000000000007
66037,183,4445.07,23049.64,19742.04,3307.5999999999985
38378,160,604.8000000000001,22592.9,14487.999999999998,8104.900000000003
38378,97,651.8399999999999,804.33,700.3399999999999,103.99000000000012
38378,12,357.84,1312.84,1018.3199999999999,294.52
46820,33,464.31,7626.55,3754.74,3871.8100000000004
33615,17,384.19999999999993,1066.43,822.8,243.6300000000001
46820,66,766.92,2745.04,2258.52,486.52
24741,284,8747.2,46124.74,39118.16,7006.5799999999945
24741,0,0.0,0.0,0.0,0.0
33615,38,300.20000000000005,4979.72,4176.96,802.7600000000002
33615,194,5350.52,82722.13,51043.34,31678.790000000008
24741,109,1457.33,5742.16,4200.860000000001,1541.2999999999993
38378,171,9001.439999999999,12965.13,10824.3,2140.83
24741,44,708.3999999999999,2142.96,1337.6,805.3600000000001
33615,197,758.45,30316.24,20202.350000000002,10113.89
38378,48,873.6000000000001,25087.3,20442.239999999998,4645.060000000001
24741,25,1597.7500000000002,7941.93,5539.0,2402.9300000000003
24741,199,3482.5,116413.02,83464.58,32948.44
33615,18,297.0,1409.0,1013.4,395.6
24741,17,91.8,984.16,693.7699999999999,290.3900000000001
46820,170,5331.2,6036.06,5485.9,550.1600000000008
38378,60,66.0,1148.44,775.2,373.24
66037,19,1633.24,4403.08,3487.83,915.25
38378,62,4444.16,17688.32,11172.4,6515.92
66037,114,1484.2800000000002,59074.18,29749.44,29324.74
33615,34,961.5200000000001,1823.08,1339.2600000000002,483.8199999999997
66037,36,2255.4,20106.68,14176.8,5929.880000000001
33615,32,1904.0,6007.53,3879.04,2128.49
38378,86,172.0,15477.21,12355.619999999999,3121.59
66037,12,207.59999999999997,3446.09,2990.9999999999995,455.0900000000006
66037,35,301.0,4525.41,3406.55,1118.8599999999997
66037,1575,158539.5,962535.38,605745.0,356790.38
24741,1148,18884.600000000002,535062.54,446009.48,89053.06000000006
46820,22,803.8799999999999,3073.84,2588.3,485.53999999999996
38378,659,126903.63,304045.25,257636.05,46409.20000000001
24741,76,686.2800000000001,5780.55,4435.36,1345.1900000000005
46820,399,6172.53,249679.1,169650.81,80028.29000000001
38378,14,263.2,939.11,740.74,198.37
66037,12,472.8,2099.83,1198.44,901.3899999999999
46820,48,2701.4399999999996,2951.85,2701.9199999999996,249.9300000000003
33615,61,1118.74,3235.49,2307.63,927.8599999999997
24741,549,922.3199999999999,59102.57,42086.340000000004,17016.229999999996
24741,53,2782.5,3369.35,3057.57,311.77999999999975
38378,18,180.0,363.8,300.06,63.74000000000001
38378,8,453.59999999999997,575.7,507.35999999999996,68.34000000000009
24741,122166,1590601.32,63305761.5,31880439.36,31425322.14
38378,25,427.0,2254.37,1694.25,560.1199999999999
38378,18,1217.1599999999999,3801.83,2603.7,1198.13
66037,18,478.79999999999995,1777.32,1160.6399999999999,616.6800000000001
66037,29,78.3,1583.17,1122.59,460.58000000000015
38378,172,9030.0,215964.96,140216.12,75748.84
66037,170,153.0,27591.31,17171.7,10419.61
33615,122,2459.52,3385.44,2986.56,398.8800000000001
38378,82,5292.280000000001,14776.15,11282.380000000001,3493.7699999999986
33615,38,326.8,4913.3,3698.5400000000004,1214.7599999999998
66037,86,6622.0,8376.09,7167.24,1208.8500000000004
24741,1050,661.5,170107.17,105777.0,64330.17000000001
66037,102,4284.0,4861.91,4400.28,461.6300000000001
46820,2948,179120.47999999998,620916.83,490724.08,130192.74999999994
33615,140,11877.6,19758.08,15842.400000000001,3915.6800000000003
24741,60,789.6,3655.07,2836.2,818.8700000000003
33615,35,1041.25,1836.55,1485.05,351.5
66037,56,1677.76,3202.16,2341.36,860.7999999999997
33615,27,2065.77,9040.39,6060.6900000000005,2979.699999999999
24741,88,79.2,14282.56,8888.880000000001,5393.6799999999985
46820,852,11510.519999999999,200524.4,163762.91999999998,36761.48000000001
33615,26,409.5,19619.05,15179.059999999998,4439.990000000002
33615,20,500.0,2545.96,1558.4,987.56
38378,284,1491.0,30921.51,19791.96,11129.55
66037,80,3516.8,13247.22,11384.8,1862.42
66037,108,4203.36,23002.15,17764.92,5237.230000000003
66037,76,91.19999999999999,32519.53,19320.72,13198.809999999998
24741,794,11782.96,48264.64,34499.3,13765.339999999997
38378,108,1867.3200000000004,9931.22,7715.52,2215.699999999999
33615,10,358.40000000000003,620.87,528.1,92.76999999999998
24741,43,1053.5,2544.3,1830.94,713.3600000000001
33615,18,536.76,2257.15,1842.48,414.6700000000001
33615,261,840.4200000000001,53663.82,43302.509999999995,10361.310000000005
24741,463,13028.819999999998,93927.11,73547.55,20379.559999999998
66037,4,112.8,340.64,216.07999999999998,124.56
66037,31,1019.9000000000001,3275.66,2261.45,1014.21
38378,21,489.51000000000005,3734.12,3035.9700000000003,698.1499999999996
66037,19,1251.53,1431.64,1283.26,148.3800000000001
24741,21,241.5,833.04,734.37,98.66999999999996
46820,336,36902.880000000005,73698.65,53057.76,20640.889999999992
24741,113,1922.13,13281.02,7559.7,5721.320000000001
66037,843,37058.28,139592.56,119967.32999999999,19625.23000000001
33615,31,2068.01,49546.12,28302.379999999997,21243.740000000005
33615,20,2203.6,16127.05,11898.6,4228.449999999999
24741,25,1382.5,2341.23,1816.5,524.73
38378,129,10565.1,40657.62,33199.44,7458.18
38378,134,6172.04,26740.51,22821.54,3918.9699999999975
46820,12,216.0,2774.6,2325.12,449.48
24741,10,11.0,191.41,129.2,62.21000000000001
33615,325,5960.5,52130.28,27914.25,24216.03
38378,174,23300.34,70565.16,45057.3,25507.86
38378,97,5527.06,7247.46,6312.76,934.6999999999998
38378,93,1835.82,7060.36,4237.08,2823.2799999999997
33615,22,1259.7199999999998,3651.16,3193.96,457.1999999999998
24741,57,2717.1899999999996,9921.88,8202.869999999999,1719.0100000000002
66037,92,1217.1599999999999,15541.86,13357.480000000001,2184.379999999999
38378,109,412.02000000000004,20017.77,15784.29,4233.48
66037,48,2368.7999999999997,3006.39,2669.2799999999997,337.1100000000001
46820,22,4236.54,10150.22,8600.9,1549.3199999999997
46820,151,9227.61,11331.62,9840.67,1490.9500000000007
24741,31,1770.72,3258.73,2685.2200000000003,573.5099999999998
38378,178,1607.3400000000001,13538.65,10388.08,3150.5699999999997
24741,155,19573.399999999998,21634.56,19762.499999999996,1872.060000000005
38378,11,225.49999999999997,2560.09,2028.62,531.4700000000003
38378,137,6166.37,15604.85,10499.68,5105.17
24741,514,15291.5,33546.7,29087.260000000002,4459.439999999995
66037,285,538.65,23103.1,11733.45,11369.649999999998
24741,2318,169723.96000000002,199579.63,176793.86000000002,22785.76999999999
46820,46,18.400000000000002,3997.79,3250.8199999999997,746.9700000000003
33615,9,323.1,1031.53,867.69,163.83999999999992
33615,54,1311.66,6801.53,5825.52,976.0099999999993
38378,38,1548.1200000000001,5161.56,3540.84,1620.7200000000003
66037,15,69.0,3106.74,2509.35,597.3899999999999
24741,159,1613.85,26325.37,21752.789999999997,4572.580000000002
46820,71,3503.85,14415.14,9902.37,4512.769999999999
24741,15,464.09999999999997,940.15,710.4,229.75
38378,12,1606.92,4866.56,3107.4,1759.1600000000003
38378,10,496.99999999999994,3651.03,2596.7999999999997,1054.2300000000005
46820,18,1446.48,2124.8,1875.6,249.20000000000027
33615,16,398.72,757.93,666.8800000000001,91.04999999999984
38378,139,1284.3600000000001,7969.48,5970.050000000001,1999.4299999999985
46820,423,355.32,103493.45,49871.7,53621.75
33615,17,5525.17,9659.74,7364.06,2295.6799999999994
66037,67,525.2800000000001,916.43,722.2600000000001,194.16999999999985
66037,110,3087.7,10216.08,7098.299999999999,3117.7800000000007
24741,235,3816.3999999999996,47768.58,23829.0,23939.58
38378,88,1441.4399999999998,31568.53,17116.0,14452.529999999999
24741,35,2356.9,10212.09,8794.45,1417.6399999999994
46820,81,162.0,7488.24,5517.72,1970.5199999999995
46820,20,714.0,4761.12,2784.8,1976.3199999999997
33615,16,1669.92,1862.67,1691.68,170.99
33615,78,3445.2599999999998,22381.72,12260.82,10120.900000000001
33615,48,816.4800000000001,3884.23,2619.84,1264.3899999999999
46820,516,7476.839999999999,9865.28,8307.599999999999,1557.680000000002
33615,79,1918.9099999999999,9950.39,8522.52,1427.869999999999
24741,698,37671.06,204893.59,178820.62,26072.97
46820,217,7139.300000000001,22929.65,15830.15,7099.500000000002
46820,161,9139.97,44996.82,38762.36,6234.459999999999
33615,56,2767.5199999999995,3683.04,3107.4399999999996,575.6000000000004
46820,107,2164.61,6561.46,5582.1900000000005,979.2699999999995
33615,17,505.75,1109.52,962.03,147.49
38378,29,1008.91,10115.59,7098.33,3017.26
38378,11,157.29999999999998,539.95,330.22,209.73000000000002
46820,28,593.8799999999999,1364.62,1196.7199999999998,167.9000000000001
46820,22,1489.18,3893.91,3102.2200000000003,791.6899999999996
38378,30,592.1999999999999,6229.54,3744.2999999999997,2485.2400000000002
46820,555,25446.75,592664.59,286324.5,306340.08999999997
66037,31,1673.07,9099.86,7941.889999999999,1157.9700000000012
33615,21,380.09999999999997,13349.55,9850.26,3499.289999999999
46820,8,573.44,2282.36,1441.6,840.7600000000002
38378,141,3089.31,54256.85,44381.16,9875.689999999995
33615,99,3354.12,17483.66,12939.3,4544.360000000001
33615,704,67907.84,102254.5,82896.0,19358.5
24741,55,7365.049999999999,22305.08,14242.25,8062.830000000002
46820,32,64.0,2958.32,2179.84,778.48
46820,50,804.9999999999999,4968.69,3063.5,1905.1899999999996
24741,75,150.0,462.13,336.75,125.38
24741,127,6623.05,12212.55,9109.71,3102.84
38378,20,352.8,1235.84,874.3999999999999,361.44000000000005
38378,513,16841.79,148043.53,116081.63999999998,31961.890000000014
33615,28,374.35999999999996,1475.05,1079.12,395.93000000000006
24741,54,1674.5399999999997,2703.74,2150.8199999999997,552.9200000000001
66037,67,1566.46,4148.83,3311.8100000000004,837.0199999999995
33615,299,32943.82,241099.37,177884.07,63215.29999999999
46820,34,6171.34,7512.2,6617.42,894.7799999999997
66037,49,4421.27,12407.76,9091.95,3315.8099999999995
46820,24,26.400000000000002,459.37,310.08,149.29000000000002
66037,48,631.68,2924.05,2268.96,655.0900000000001
46820,125,11033.75,40378.8,32943.75,7435.050000000003
24741,50,882.0,3089.59,2186.0,903.5900000000001
66037,94,6823.46,12145.74,10044.84,2100.8999999999996
24741,68,1623.1599999999999,14280.77,8572.08,5708.6900000000005
33615,33,709.17,1311.95,1113.75,198.20000000000005
46820,419,5455.38,215873.86,133321.61000000002,82552.24999999997
46820,8,235.2,318.66,266.71999999999997,51.940000000000055
66037,49,1608.6700000000003,14140.61,11087.72,3052.8900000000012
33615,36,1081.08,2989.47,2024.2799999999997,965.19
66037,515,6777.4,118969.7,61048.1,57921.6
33615,36,2184.84,6502.82,5357.52,1145.2999999999993
66037,86,1336.44,2274.65,1880.8200000000002,393.8299999999999
66037,244,4218.76,41126.42,29943.68,11182.739999999998
66037,17,1031.73,3070.78,2529.94,540.8400000000001
46820,38,79.8,4971.42,2499.26,2472.16
66037,149,4109.42,63534.01,39203.39,24330.620000000003
33615,49,1351.42,20893.73,12892.39,8001.34
46820,31,1262.94,4210.75,2888.58,1322.17
33615,151,90.60000000000001,62115.21,44732.24,17382.97
24741,529,19514.809999999998,48904.65,34908.71,13995.940000000002
24741,60,162.00000000000003,5674.01,3702.0,1972.0100000000002
38378,96,6928.32,10199.58,8590.08,1609.5
33615,37,629.3700000000001,2994.09,2019.46,974.6300000000001
38378,22,403.48,1166.9,832.26,334.6400000000001
24741,360,7434.0,21651.16,14004.0,7647.16
33615,179,1278.0600000000002,35542.58,18463.850000000002,17078.73
24741,26,407.68000000000006,488.0,435.24000000000007,52.759999999999934
24741,57,28.5,524.33,453.15000000000003,71.18
33615,95,1250.2,5787.19,4490.65,1296.54
33615,22,403.48,4522.19,3862.76,659.4299999999994
46820,173,3172.8199999999997,9176.07,6544.589999999999,2631.4800000000005
33615,43,2122.0499999999997,8730.3,5997.21,2733.0899999999992
38378,70,7046.2,42779.35,26922.0,15857.349999999999
38378,128,2732.7999999999997,4754.56,4241.92,512.6400000000003
33615,9,212.39999999999998,1613.12,1217.6100000000001,395.50999999999976
38378,398,23681.0,74718.61,48245.56,26473.050000000003
66037,21,268.8,2714.56,1577.52,1137.04
24741,340,26013.399999999998,113842.0,76319.8,37522.2
38378,335,12194.0,74529.69,59542.9,14986.79
38378,37,5325.039999999999,19140.05,12541.89,6598.16
38378,168,369.6,2349.31,1560.7199999999998,788.5900000000001
38378,661,3840.41,49488.43,32441.88,17046.55
66037,181,12682.67,14494.53,13062.77,1431.7600000000002
66037,149,8656.9,77295.64,47758.97,29536.67
38378,22,3617.46,6342.36,4939.0,1403.3599999999997
24741,522,47100.06,132180.66,96857.09999999999,35323.56000000001
24741,108,1307.88,30402.48,26358.48,4044.0
46820,195,2497.9500000000003,11857.67,10335.0,1522.67
38378,39,363.09000000000003,9856.82,6430.32,3426.5
24741,91,3127.67,74973.72,63710.01,11263.71
66037,38,486.4,4912.05,2854.56,2057.4900000000002
33615,50,6478.500000000001,7633.3,6942.000000000001,691.2999999999993
24741,35,771.75,8466.93,6757.099999999999,1709.8300000000008
24741,1080,45360.0,215142.97,141922.8,73220.17000000001
33615,2986,117887.27999999998,182389.88,150195.8,32194.080000000016
38378,78,3177.7200000000003,10594.78,7268.04,3326.7400000000007
38378,48,460.32000000000005,28802.67,18310.08,10492.589999999997
38378,57,490.19999999999993,7369.95,5547.81,1822.1399999999994
46820,87,1839.18,109624.94,56505.630000000005,53119.31
33615,40,4149.599999999999,5802.49,4962.799999999999,839.6900000000005
24741,20,230.0,793.37,699.4,93.97000000000003
33615,930,8007.300000000001,72503.54,42947.4,29556.139999999992
33615,113,5576.55,7077.53,6283.93,793.5999999999995
38378,8688,343610.4,1667491.32,1312061.76,355429.56000000006
46820,28,2395.1200000000003,2934.19,2569.28,364.90999999999985
33615,86,385.28,1824.61,1467.16,357.4499999999998
46820,50,1827.0,6985.99,5882.5,1103.4899999999998
38378,31,1098.02,1310.33,1176.1399999999999,134.19000000000005
24741,46,1213.9399999999998,3503.28,2260.8999999999996,1242.3800000000006
24741,46,276.0,654.82,549.24,105.58000000000004
46820,48,3067.6800000000003,15248.5,10634.880000000001,4613.619999999999
24741,95,1842.0499999999997,3541.23,2812.0,729.23
46820,182,1630.72,22762.63,12972.96,9789.670000000002
46820,185,33579.35,40875.23,36006.549999999996,4868.680000000008
66037,296,372.96000000000004,19289.62,15081.2,4208.419999999998
38378,8,84.80000000000001,324.6,220.08,104.52000000000001
24741,58,738.9200000000001,1074.67,950.6200000000001,124.04999999999995
24741,6,53.4,530.43,381.6,148.82999999999993
33615,415,7814.449999999999,17074.57,11839.949999999999,5234.620000000001
24741,94,4408.6,25436.52,17280.02,8156.5
33615,73,1441.02,15158.56,9111.13,6047.43
38378,1119,11906.16,212618.5,183952.41,28666.089999999997
24741,213,10660.65,13503.73,12083.49,1420.2399999999998
38378,47,1974.0,2240.29,2027.58,212.71000000000004
46820,366,21443.94,63972.8,48718.259999999995,15254.540000000008
46820,11,267.3,977.74,680.5699999999999,297.1700000000001
33615,36,4820.759999999999,14599.69,9322.2,5277.49
33615,29,643.51,1688.36,1366.77,321.5899999999999
24741,43,4162.83,12778.82,11140.44,1638.3799999999992
38378,586,2461.2,7189.5,5942.04,1247.46
38378,814,89686.52,656370.85,484273.02,172097.82999999996
66037,40,929.5999999999999,1695.56,1488.0,207.55999999999995
66037,65,2211.3,18834.65,12754.95,6079.700000000001
66037,85,2891.7000000000003,3345.84,3016.65,329.19000000000005
38378,635,18891.25,33320.21,26943.05,6377.16
24741,6,7.199999999999999,1470.35,709.5600000000001,760.7899999999998
46820,77,770.77,5212.23,4445.21,767.0199999999995
33615,153,306.0,14144.44,10422.36,3722.08
46820,45,85.5,1192.19,1007.1,185.09000000000003
38378,1246,24072.719999999998,293214.33,205889.03999999998,87325.29000000004
33615,49,4832.87,7712.96,6524.84,1188.12
66037,34,30.6,5518.26,3434.3399999999997,2083.9200000000005
33615,1425,22443.75,153937.62,95973.75,57963.869999999995
24741,50,882.0,3089.59,2186.0,903.5900000000001
33615,97,794.43,13812.46,8245.0,5567.459999999999
24741,47,3293.29,3763.77,3391.99,371.7800000000002
33615,106,2797.34,8072.77,5209.9,2862.870000000001
66037,53,563.9200000000001,10070.4,8712.67,1357.7299999999996
38378,12,924.0,1168.76,1000.08,168.67999999999995
24741,71,262.7,32253.34,15992.750000000002,16260.589999999998
46820,239,4065.39,19340.23,13044.619999999999,6295.610000000001
24741,1607,47020.81999999999,144718.02,110529.45999999999,34188.56
46820,77,3056.1299999999997,4494.67,3771.4599999999996,723.2100000000005
38378,29,75.4,19243.32,16560.450000000004,2682.8699999999953
66037,43,541.8000000000001,9688.64,8099.48,1589.1599999999999
38378,268,2682.6800000000003,18141.27,15471.64,2669.630000000001
46820,27,491.4,661.33,589.9499999999999,71.38000000000011
66037,27,359.09999999999997,960.44,707.67,252.7700000000001
46820,19,997.5,1207.88,1096.1100000000001,111.76999999999998
24741,37,745.9200000000001,1026.73,905.7600000000001,120.96999999999991
46820,561,8875.019999999999,31036.88,23348.82,7688.060000000001
24741,563,11271.259999999998,18304.71,16163.729999999998,2140.9800000000014
33615,967,26196.03,57755.98,43882.46,13873.520000000004
38378,1368,60137.280000000006,226527.43,194680.08,31847.350000000006
66037,41,3768.3100000000004,8402.18,6200.43,2201.75
46820,26,413.40000000000003,3453.48,1802.5800000000002,1650.8999999999999
46820,51,2634.66,5145.51,4387.0199999999995,758.4900000000007
24741,27,434.69999999999993,1315.0,820.8,494.20000000000005
38378,11168,458893.12,631525.83,520317.12,111208.70999999996
33615,1120,10192.0,65609.43,43075.2,22534.229999999996
24741,49,406.69999999999993,3801.88,2526.93,1274.9500000000003
66037,33,436.59,5574.8,4791.27,783.5299999999997
66037,245,9672.6,14965.01,12323.5,2641.51
24741,619,13172.32,34813.74,24698.1,10115.64
66037,128,3834.88,41710.08,30536.960000000003,11173.119999999999
38378,23,5610.85,6193.93,5652.9400000000005,540.9899999999998
38378,902,29486.38,78253.39,68804.56,9448.830000000002
24741,129,8244.390000000001,40980.35,28581.240000000005,12399.109999999993
24741,394,2151.24,28930.21,23450.879999999997,5479.330000000002
66037,167,1052.1000000000001,101407.97,76704.77,24703.199999999997
24741,39,903.63,3831.69,2293.98,1537.71
33615,1848,15135.119999999999,70077.41,41395.2,28682.210000000006
24741,161,1453.83,12245.64,9395.96,2849.6800000000003
33615,30,350.99999999999994,15274.46,9839.7,5434.759999999998
46820,95,2134.65,2870.76,2509.9,360.8600000000001
33615,120,6804.0,8635.56,7610.4,1025.1599999999999
38378,47,861.98,2492.92,1778.01,714.9100000000001
66037,87,5882.94,18375.53,12584.55,5790.98
66037,69,186.3,3766.86,2670.9900000000002,1095.87
38378,314,2813.44,17502.16,12330.78,5171.379999999999
38378,49,8893.99,10826.41,9536.869999999999,1289.5400000000009
38378,134,1800.9599999999998,2939.61,2308.8199999999997,630.7900000000004
46820,16,308.8,3866.93,3168.0,698.9299999999998
24741,86,430.0,4012.82,3487.2999999999997,525.5200000000004
33615,87,5072.97,7246.42,6392.76,853.6599999999999
33615,53,771.6800000000001,6595.09,5304.77,1290.3199999999997
66037,168,4633.44,35087.34,22545.6,12541.739999999998
46820,18,180.0,363.8,300.06,63.74000000000001
24741,65262,1749674.22,11061285.75,8047457.22,3013828.5300000003
33615,257,971.46,116425.12,81926.46,34498.65999999999
38378,25,1260.0,7078.03,5739.25,1338.7799999999997
38378,68,2341.92,41189.35,33428.8,7760.549999999996
33615,87,389.76,1845.82,1484.22,361.5999999999999
66037,2463,30171.75,662723.9,335238.93,327484.97000000003
33615,37,1634.29,10616.97,5816.03,4800.94
24741,12,283.2,2150.83,1623.48,527.3499999999999
38378,10,1043.7,1164.17,1057.3,106.87000000000012
33615,53,2062.76,11288.09,8717.970000000001,2570.119999999999
46820,626,6178.62,9444.73,8375.88,1068.8500000000004
38378,123,270.59999999999997,1720.03,1142.6699999999998,577.3600000000001
66037,77,4101.79,5595.83,5006.54,589.29
24741,371,23061.360000000004,67829.88,59615.990000000005,8213.89
46820,96,409.92,1932.94,1296.0,636.94
66037,75,803.25,1597.78,1241.25,356.53
38378,96,249.60000000000002,63702.01,54820.8,8881.21
24741,48,1162.56,1564.81,1385.76,179.04999999999995
33615,18,444.6,1800.92,1419.3,381.6200000000001
33615,686,15414.42,20729.93,18124.12,2605.8100000000013
38378,122,6020.7,24769.68,17015.34,7754.34
38378,38,622.4399999999999,13631.87,7391.0,6240.870000000001
46820,316,14510.720000000001,29403.24,21130.920000000002,8272.32
24741,57,1683.78,1840.78,1684.35,156.43000000000006
24741,1033,23717.68,170061.58,118516.09,51545.48999999999
24741,121,7013.159999999999,11890.72,9382.339999999998,2508.380000000001
46820,32,1865.92,2665.35,2351.36,313.9899999999998
33615,282,5329.800000000001,8903.66,7315.080000000001,1588.579999999999
24741,10,418.0,1037.55,813.2,224.3499999999999
46820,137,5360.8099999999995,53677.05,39023.08,14653.970000000001
66037,44,3535.84,4744.51,4038.76,705.75
66037,42,840.8399999999999,1250.83,1072.6799999999998,178.1500000000001
24741,6879,140125.22999999998,728984.83,520121.19,208863.63999999996
33615,28,268.8,320.28,282.8,37.47999999999996
66037,180,1827.0,35041.06,21578.4,13462.659999999996
66037,27,313.2,1464.26,871.56,592.7
66037,104,10257.519999999999,16370.37,13848.64,2521.7300000000014
38378,15,787.5,953.59,865.35,88.24000000000001
66037,136,1666.0,36593.77,18510.96,18082.809999999998
33615,21,430.71000000000004,11619.92,6608.7,5011.22
38378,13,409.49999999999994,3279.07,2632.63,646.44
66037,5,27.0,289.46,204.04999999999998,85.41
33615,39,911.8199999999999,2414.99,1927.77,487.2199999999998
38378,27,495.18000000000006,4330.82,2319.0299999999997,2011.79
46820,24,348.0,5110.02,4340.88,769.1400000000003
24741,59,19175.59,33524.99,25557.62,7967.369999999999
46820,27,359.09999999999997,960.44,707.67,252.7700000000001
38378,33,2869.02,3793.8,3348.18,445.62000000000035
38378,83,6024.969999999999,10724.43,8869.38,1855.050000000001
38378,26,319.8,1383.89,965.9000000000001,417.99
33615,51,397.8,435.71,398.31,37.39999999999998
38378,66,1335.18,4047.25,3443.2200000000003,604.0299999999997
66037,124,685.72,15928.56,13336.199999999999,2592.3600000000006
46820,164,9608.759999999998,28665.41,21830.039999999997,6835.370000000003
66037,52,2595.3199999999997,9181.06,5647.2,3533.8599999999997
66037,24,110.4,4970.79,4014.96,955.8299999999999
33615,126,696.7800000000001,16185.47,13551.3,2634.17
24741,105,4711.35,5251.54,4778.55,472.9899999999998
46820,13,102.69999999999999,1703.59,1428.96,274.6299999999999
46820,562,7474.599999999999,19991.35,14730.02,5261.329999999998
46820,98,884.94,7453.87,5719.280000000001,1734.5899999999992
66037,15,690.9,2993.34,2554.65,438.69000000000005
24741,27,1821.9600000000003,2296.09,2053.3500000000004,242.73999999999978
33615,25,322.5,2007.2,1555.75,451.45000000000005
24741,205,1621.5499999999997,2147.8,1853.1999999999998,294.60000000000036
33615,4402,12633.74,26835.25,23198.54,3636.709999999999
46820,148,5760.16,31521.47,24344.52,7176.950000000001
24741,38,808.64,2137.19,1516.2,620.99
66037,313,21931.91,25065.12,22589.21,2475.91
66037,82,6314.0,7986.5,6833.88,1152.62
38378,51,1520.82,6395.25,5220.360000000001,1174.8899999999994
46820,372,4140.360000000001,47472.75,24016.32,23456.43
33615,219,7051.8,14432.01,12228.96,2203.050000000001
33615,110,2741.2000000000003,5210.79,4584.8,625.9899999999998
66037,22,292.6,5656.16,3715.14,1941.02
38378,25,67.5,2048.71,1049.5,999.21
66037,22,380.6,2782.29,1906.7400000000002,875.5499999999997
24741,1110,49728.0,94285.48,74447.7,19837.78
38378,103,4506.25,11768.13,9582.09,2186.039999999999
24741,1012,17284.96,91257.05,68583.23999999999,22673.810000000012
24741,20,380.0,797.96,642.0,155.96000000000004
66037,774,2600.64,30407.6,21370.14,9037.46
38378,240,7879.200000000001,69260.13,54307.2,14952.930000000008
66037,77,781.55,12748.76,10534.369999999999,2214.3900000000012
46820,1588,72920.95999999999,147760.58,106189.56,41571.01999999999
24741,50,1211.0,1630.01,1443.5,186.51
24741,39,1856.3999999999999,12751.57,7382.699999999999,5368.870000000001
33615,151,1448.0900000000001,90608.4,57600.46000000001,33007.93999999999
46820,45,1984.5,8934.3,6797.25,2137.0499999999993
38378,60,72.0,4670.44,3716.4,954.0399999999995
46820,18,340.19999999999993,3152.3,2715.48,436.82000000000016
66037,284,1371.7199999999998,167285.17,98885.96,68399.21
66037,59,4163.04,28253.01,18061.67,10191.34
33615,71,1610.2800000000002,2217.65,1970.9600000000003,246.68999999999983
33615,508,19771.36,108195.3,83560.92,24634.380000000005
66037,316,1747.48,53624.58,35211.880000000005,18412.699999999997
38378,36,957.5999999999999,3554.65,2321.2799999999997,1233.3700000000003
38378,135,1823.8500000000001,31773.23,25948.35,5824.880000000001
38378,39,1100.19,5395.81,3805.23,1590.5800000000004
46820,82,5137.3,45798.54,32291.6,13506.940000000002
46820,47,546.14,1954.8,1608.3400000000001,346.4599999999998
66037,35,1163.75,9880.19,6426.0,3454.1900000000005
46820,39,715.26,1069.87,947.7,122.16999999999985
24741,69,1193.01,6344.95,4929.36,1415.5900000000001
33615,102,1599.3600000000001,9896.54,5374.38,4522.160000000001
66037,9,578.34,1052.08,914.85,137.2299999999999
38378,126,2681.28,110981.59,88872.84,22108.75
46820,184,73.60000000000001,15991.14,13003.279999999999,2987.8600000000006
38378,24,714.0,1566.38,1358.1599999999999,208.22000000000025
24741,97,5771.5,18210.31,11758.34,6451.970000000001
38378,31,601.09,1155.56,917.6000000000001,237.9599999999998
66037,131,8739.009999999998,209372.32,119600.37999999999,89771.94000000002
24741,143,3833.8300000000004,24237.13,17633.33,6603.799999999999
33615,125,2161.25,11494.47,8930.0,2564.4699999999993
46820,91,853.58,1102.54,959.14,143.39999999999998
33615,29,1380.3999999999999,9481.94,5489.699999999999,3992.2400000000016
33615,25,427.0,2254.37,1694.25,560.1199999999999
66037,63,674.73,1342.14,1042.65,299.49
66037,53,415.52000000000004,724.94,571.34,153.60000000000002
24741,35,879.55,3599.68,2997.3999999999996,602.2800000000002
33615,50,1225.0,2958.49,2129.0,829.4899999999998
66037,56,33.6,23036.11,16589.44,6446.670000000002
24741,991,7214.4800000000005,11432.97,9285.67,2147.2999999999993
46820,43,2167.2000000000003,12174.22,9871.51,2302.709999999999
33615,113,1281.42,36066.65,24272.4,11794.25
33615,145,8089.549999999999,69444.87,53487.59999999999,15957.270000000004
33615,41,5900.719999999999,21209.25,13897.77,7311.48
33615,27,442.25999999999993,9685.8,5251.5,4434.299999999999
66037,12,302.40000000000003,4702.43,3011.88,1690.5500000000002
33615,1048,5795.4400000000005,134622.05,112712.4,21909.649999999994
46820,96,470.3999999999999,5992.84,4143.36,1849.4800000000005
46820,18,5850.18,10227.96,7797.24,2430.7199999999993
33615,65,3949.3999999999996,13690.5,10819.9,2870.6000000000004
38378,5,61.5,106.19,87.0,19.189999999999998
46820,273,13759.2,77292.14,62672.61,14619.529999999999
33615,142,13051.220000000001,29100.22,21474.660000000003,7625.559999999998
33615,187,3481.94,26331.9,21476.95,4854.950000000001
38378,119,7272.090000000001,8930.22,7755.230000000001,1174.989999999998
46820,18,806.4,1528.95,1207.26,321.69000000000005
66037,35,793.8000000000001,1093.21,971.6000000000001,121.6099999999999
46820,74,2279.2000000000003,12018.42,10192.76,1825.6599999999999
38378,29,948.01,2515.91,2212.12,303.78999999999996
66037,91,611.52,1579.74,1354.99,224.75
24741,48,292.8,1062.43,735.84,326.59000000000003
46820,95,3305.0499999999997,33137.27,23253.149999999998,9884.119999999999
46820,40,2427.6,7225.36,5952.799999999999,1272.5600000000004
66037,92,1294.4399999999998,4803.37,4061.7999999999993,741.5700000000006
24741,122,4133.360000000001,21545.52,15945.4,5600.120000000001
38378,34,255.0,3785.45,2445.96,1339.4899999999998
24741,41,491.99999999999994,5020.79,4011.44,1009.3499999999999
38378,41,642.88,769.54,686.34,83.19999999999993
66037,266,21375.760000000002,28682.71,24416.140000000003,4266.569999999996
46820,458,22634.36,30121.97,25414.420000000002,4707.549999999999
46820,59,1482.67,6068.03,5052.76,1015.2699999999995
38378,162,21693.42,65698.6,41949.899999999994,23748.70000000001
66037,34,268.6,4455.54,3737.2799999999997,718.2600000000002
38378,245,490.0,5404.11,2915.5,2488.6099999999997
46820,172,23032.519999999997,69754.07,44539.399999999994,25214.670000000013
46820,18,498.6,834.39,682.3800000000001,152.00999999999988
38378,72,2439.36,12715.39,9410.4,3304.99
66037,412,8132.879999999999,31278.14,18770.72,12507.419999999998
33615,1570,33409.6,88299.78,62643.0,25656.78
24741,57,444.6,2116.64,1613.67,502.9699999999998
33615,47,384.92999999999995,6692.63,3995.0,2697.63
66037,4178,7019.039999999999,449782.38,320285.48,129496.90000000002
66037,56,2191.2799999999997,21940.98,15951.04,5989.939999999999
66037,30,564.9,1234.31,855.9,378.40999999999997
24741,35,360.15,9758.97,6289.499999999999,3469.4700000000003
33615,34,1111.46,2949.68,2593.5200000000004,356.1599999999994
33615,22,512.82,3447.82,2417.36,1030.46
24741,4044,169564.92,266851.43,239243.04,27608.389999999985
33615,235,7994.700000000001,9250.25,8340.150000000001,910.0999999999985
33615,1189,66334.31,569447.95,438598.31999999995,130849.63
66037,16,863.52,4696.7,4099.04,597.6599999999999
33615,173,6321.42,24171.53,20353.45,3818.079999999998
66037,55,4115.65,7504.33,6148.45,1355.88
33615,70,573.3,9967.75,5950.0,4017.75
24741,26,400.40000000000003,5253.22,3865.6800000000003,1387.54
38378,357,6972.21,75028.63,62107.29,12921.340000000004
33615,91,7784.139999999999,9536.13,8350.16,1185.9699999999993
24741,4,234.4,2605.0,2051.36,553.6399999999999
66037,133,3956.75,31093.28,19447.260000000002,11646.019999999997
38378,92,1513.4,42879.58,35742.92,7136.6600000000035
33615,19,9.5,174.78,151.05,23.72999999999999
46820,152,6064.8,7462.74,6764.0,698.7399999999998
66037,128,6720.0,160718.11,104346.88,56371.22999999998
33615,38,803.32,47882.16,24680.62,23201.540000000005
38378,172,16964.36,27074.07,22903.52,4170.549999999999
46820,6,73.8,127.43,104.39999999999999,23.030000000000015
66037,405,52475.85,61829.71,56230.2,5599.510000000002
24741,18,1306.62,2325.78,1923.48,402.3000000000002
38378,335,32454.799999999996,252088.53,190209.65,61878.880000000005
46820,678,58280.880000000005,157120.47,124460.46,32660.009999999995
46820,170,21467.6,23728.23,21675.0,2053.2299999999996
24741,48,1102.08,7902.18,5507.04,2395.1400000000003
46820,51,399.84000000000003,697.58,549.78,147.80000000000007
33615,8,106.4,2056.78,1350.96,705.8200000000002
38378,47,888.3000000000001,1483.94,1219.18,264.76
66037,77,770.77,5212.23,4445.21,767.0199999999995
46820,66,619.08,799.64,695.64,104.0
33615,100,2905.0000000000005,6294.98,4748.0,1546.9799999999996
38378,24,1239.8400000000001,2421.42,2064.48,356.94000000000005
33615,24,460.79999999999995,677.52,551.76,125.75999999999999
24741,312,2598.96,66535.87,40004.64,26531.229999999996
33615,3425,26372.500000000004,676744.21,562522.0,114222.20999999996
24741,96,1108.7999999999997,6995.5,4929.599999999999,2065.9000000000005
46820,132,1469.16,16845.17,8521.92,8323.249999999998
66037,41,912.66,4673.65,3535.02,1138.6299999999997
46820,21,52.5,383.83,304.91999999999996,78.91000000000003
66037,81,1400.4900000000002,7448.41,5786.639999999999,1661.7700000000004
46820,124,1588.44,7540.26,6572.0,968.2600000000002
24741,22,319.0,4387.35,2733.06,1654.2900000000004
33615,64,4327.68,13517.63,9257.6,4260.029999999999
66037,3678,125897.93999999999,2380792.39,1700891.1,679901.29
33615,36,660.24,987.58,874.8,112.78000000000009
33615,121,1160.39,72606.73,46156.66,26450.069999999992
66037,60,210.0,64181.97,40300.799999999996,23881.170000000006
46820,239,10038.0,47610.34,31406.989999999998,16203.349999999999
33615,138,17880.66,21067.9,19159.92,1907.9800000000032
46820,10,1392.3,1892.76,1596.6,296.1600000000001
38378,41,1231.23,3404.68,2305.4300000000003,1099.2499999999995
66037,67,1655.57,6808.83,4704.74,2104.09
46820,23,573.16,1089.53,958.64,130.89
24741,139,1011.9200000000001,7213.23,4167.219999999999,3046.01
24741,27,259.2,553.67,479.78999999999996,73.88
46820,110,415.80000000000007,15532.62,9960.499999999998,5572.120000000003
66037,38,478.80000000000007,8562.05,7157.679999999999,1404.37
38378,658,15107.679999999998,108325.77,75492.34,32833.43000000001
24741,43,3952.13,8812.04,6502.89,2309.1500000000005
66037,172,650.1600000000001,31587.67,24907.32,6680.3499999999985
38378,232,1997.52,18086.91,10713.76,7373.15
38378,73,3035.34,13377.68,10779.91,2597.7700000000004
46820,27,1181.25,3084.85,2511.81,573.04
38378,81,2557.17,27307.02,16687.62,10619.400000000001
38378,55,2175.25,10556.17,8306.1,2250.0699999999997
66037,8,235.2,506.13,428.56,77.57
33615,63,1296.54,1902.39,1544.76,357.6300000000001
66037,77,3072.3,3780.47,3426.5,353.9699999999998
33615,58,452.40000000000003,495.51,452.98,42.52999999999997
66037,64,1935.3600000000001,32059.72,22860.8,9198.920000000002
46820,23,813.05,3538.71,2380.5,1158.21
66037,77,3697.54,5197.93,4439.05,758.8800000000001
38378,4040,106615.59999999999,307679.03,198566.0,109113.03000000003
38378,211,3027.8499999999995,47689.46,37614.969999999994,10074.490000000005
24741,28,1260.28,3189.31,2145.92,1043.3899999999999
38378,35,423.84999999999997,4227.92,2851.8,1376.12
38378,17,319.59999999999997,710.96,587.01,123.95000000000005
24741,568,12643.68,64747.14,48972.96,15774.18
66037,45,4135.95,9221.9,6805.35,2416.5499999999993
46820,5,64.5,401.44,311.15,90.29000000000002
33615,41,110.7,3877.24,2529.7,1347.54
24741,17,132.6,145.24,132.76999999999998,12.470000000000027
46820,89,5046.3,6404.7,5644.38,760.3199999999997
46820,129,3151.4700000000003,57534.28,34427.52,23106.760000000002
24741,71,291.1,9519.86,4600.8,4919.06
33615,46,2859.36,8410.17,7391.74,1018.4300000000003
38378,408,14051.519999999999,247136.09,200572.8,46563.29000000001
24741,57,4349.1,5919.62,5335.200000000001,584.4199999999992
66037,67,1993.25,3515.68,2842.81,672.8699999999999
66037,63,170.10000000000002,3439.31,2438.7299999999996,1000.5800000000004
24741,137,1390.55,26670.14,16423.56,10246.579999999998
46820,1785,12994.800000000001,20593.19,16725.45,3867.739999999998
38378,63,5693.31,11830.76,8309.7,3521.0599999999995
46820,93,5234.039999999999,5719.2,5234.969999999999,484.2300000000005
33615,12,365.99999999999994,565.7,507.4799999999999,58.22000000000014
38378,19,565.25,1240.05,1075.21,164.83999999999992
38378,2778,254159.22,372511.6,310524.83999999997,61986.76000000001
46820,58,6390.44,46768.44,34505.94,12262.5
24741,90,396.90000000000003,11232.65,6148.799999999999,5083.85
46820,9,18.9,1282.35,781.47,500.8799999999999
66037,158,1415.68,8806.82,6204.66,2602.16
46820,219,1686.3,11752.33,8260.68,3491.6499999999996
33615,656,39812.64,118495.87,97625.92,20869.949999999997
33615,15,376.5,7081.2,6062.55,1018.6499999999996
33615,43,1802.99,2837.44,2543.88,293.55999999999995
24741,269,2108.96,3679.41,2899.82,779.5899999999997
33615,158,5662.72,9809.71,8343.98,1465.7299999999996
24741,34,493.0,6780.45,4223.82,2556.63
66037,77,3719.1000000000004,4498.03,3990.9100000000003,507.11999999999944
46820,112,8130.079999999999,14471.52,11968.32,2503.2000000000007
38378,1337,10950.029999999999,50699.94,29948.8,20751.140000000003
24741,52,2806.44,15264.28,13321.880000000001,1942.3999999999996
24741,11,1208.13,2412.75,1737.0100000000002,675.7399999999998
38378,20,400.4,595.63,510.79999999999995,84.83000000000004
46820,39,1547.9099999999999,2276.52,1910.2199999999998,366.3000000000002
33615,70,3684.7999999999997,5307.36,4431.0,876.3599999999997
46820,8,68.0,328.01,284.0,44.00999999999999
66037,44,7234.92,12684.71,9878.0,2806.709999999999
46820,73,2427.25,20607.25,13402.8,7204.450000000001
46820,223,267.59999999999997,17358.46,13812.62,3545.8399999999983
38378,217,1974.7000000000003,12711.83,8345.82,4366.01
33615,163,2521.61,101999.23,69305.97,32693.259999999995
33615,3,431.75999999999993,1551.9,1016.9100000000001,534.99
46820,27,1239.84,2512.3,1805.4899999999998,706.8100000000004
24741,37,1310.54,1563.95,1403.78,160.17000000000007
33615,89,364.9,7362.44,5724.48,1637.96
38378,23,848.4699999999999,2126.29,1517.77,608.52
24741,58,116.00000000000001,357.38,260.42,96.95999999999998
24741,37,569.8000000000001,7475.74,5501.16,1974.58
66037,91,9160.060000000001,55613.16,34998.600000000006,20614.559999999998
66037,12,66.0,1868.31,1250.4,617.9099999999999
24741,402,5290.32,92865.67,47653.079999999994,45212.590000000004
66037,52,371.28,21869.01,10517.52,11351.489999999998
46820,112,1081.92,1927.17,1697.92,229.25
46820,125,1513.75,35188.06,30507.5,4680.559999999998
38378,10,79.0,235.43,181.2,54.23000000000002
38378,66,3575.88,28800.18,24476.760000000002,4323.419999999998
33615,1250,9275.0,46376.62,30412.5,15964.120000000003
38378,612,856.8000000000001,56176.61,41322.240000000005,14854.369999999995
38378,39,3003.0,3798.46,3250.26,548.1999999999998
46820,37,3265.99,11952.12,9751.349999999999,2200.7700000000023
33615,48,1058.3999999999999,11611.79,9266.88,2344.9100000000017
66037,317,2640.6099999999997,67602.15,40645.74,26956.409999999996
33615,431,258.6,177295.74,127679.44,49616.29999999999
33615,19,1356.6,12116.57,9658.65,2457.92
38378,22,209.0,278.57,236.5,42.06999999999999
24741,29,1934.5900000000001,46349.6,26476.42,19873.18
38378,531,73931.13,100505.36,84779.46,15725.899999999994
46820,9763,41004.6,119780.05,98996.82,20783.229999999996
38378,80,488.0,1770.72,1226.4,544.3199999999999
66037,96,1787.52,13517.98,11025.6,2492.379999999999
33615,17,1428.0,7324.25,6196.33,1127.92
33615,22,811.5799999999999,2033.84,1451.78,582.06
33615,47,9304.12,13344.19,11353.320000000002,1990.869999999999
46820,5,362.94999999999993,646.05,534.3,111.75
38378,26,768.04,839.65,768.3,71.35000000000002
38378,367,17623.34,24774.55,21157.55,3617.0
38378,79,158.0,1742.55,940.1,802.4499999999999
38378,18,153.0,738.03,639.0,99.02999999999997
46820,359,4774.7,12770.28,9409.39,3360.8900000000012
66037,157,3329.97,7651.62,6710.18,941.4399999999996
24741,66,1852.62,6129.65,4258.98,1870.67
38378,110,9563.4,12646.02,11160.6,1485.42
24741,287,4701.0599999999995,102956.46,55821.5,47134.96000000001
38378,39,456.29999999999995,5703.01,3451.8900000000003,2251.12
66037,43,881.9300000000001,23793.16,13532.1,10261.06
33615,31,257.3,2405.27,1598.67,806.5999999999999
33615,34,1130.5,9597.9,6242.4,3355.5
66037,47,1829.24,10010.2,7731.03,2279.170000000001
33615,103,1449.2099999999998,23804.07,11719.339999999998,12084.730000000001
46820,550,14630.0,54307.08,35464.0,18843.08
46820,29,1039.36,1800.52,1531.4899999999998,269.0300000000002
33615,18,1373.4,1869.35,1684.8000000000002,184.54999999999973
33615,237,2206.4700000000003,66957.36,41636.16,25321.199999999997
33615,52,2060.24,3465.41,2784.6,680.81
66037,53,318.0,754.47,632.8199999999999,121.65000000000009
38378,42,1302.42,2102.91,1672.8600000000001,430.0499999999997
66037,75,3297.0,12419.27,10673.25,1746.0200000000004
24741,59,1833.7200000000003,2480.32,2058.51,421.80999999999995
38378,335,18525.5,31372.45,24341.1,7031.350000000002
24741,12,73.2,265.61,183.96,81.65
46820,39,370.5,493.82,419.25,74.57
66037,272,52379.04,125493.64,106338.4,19155.240000000005
46820,20,1638.0,6303.51,5147.200000000001,1156.3099999999995
33615,43,457.52,8170.33,7068.77,1101.5599999999995
46820,24,321.6,396.18,349.44,46.74000000000001
38378,118,7871.78,188594.91,107731.64,80863.27
24741,304,9363.2,49372.96,41872.96,7500.0
33615,49,367.01,3662.16,3166.38,495.77999999999975
38378,34,1494.64,5630.07,4838.54,791.5299999999997
46820,28,2406.8799999999997,6488.75,5139.959999999999,1348.7900000000009
24741,65,2397.8499999999995,6009.08,4289.349999999999,1719.7300000000005
24741,8,56.0,517.76,362.08,155.68
24741,32,457.59999999999997,2316.1,1984.6399999999999,331.46000000000004
66037,44,1906.52,6099.6,3981.56,2118.0400000000004
46820,128,1245.4399999999998,1605.36,1452.7999999999997,152.56000000000017
33615,156,12536.16,16821.44,14319.24,2502.199999999999
24741,92,2737.0,4827.5,3903.56,923.94
46820,2245,18386.549999999996,85131.92,50288.0,34843.92
33615,273,10892.7,13403.47,12148.5,1254.9699999999993
66037,41,1808.1000000000001,8140.14,6193.05,1947.0900000000001
24741,18,713.16,1199.56,963.9,235.65999999999997
66037,1316,20634.88,127684.8,69340.04,58344.76000000001
38378,168,5844.719999999999,58600.65,41121.36,17479.29
33615,33,1379.07,3961.09,2853.51,1107.58
38378,4112,476950.88,715228.64,644638.24,70590.40000000002
66037,16,28.799999999999997,1052.12,823.8399999999999,228.27999999999997
46820,54,442.25999999999993,7689.41,4590.0,3099.41
66037,33,429.66,17002.0,10500.27,6501.73
66037,28,2710.6800000000003,8321.09,7254.240000000001,1066.8499999999995
38378,349,28778.539999999994,76405.2,57850.23999999999,18554.960000000006
46820,528,4324.32,20022.12,11827.2,8194.919999999998
66037,124,555.52,2630.83,2115.44,515.3899999999999
38378,7070,288031.8,960321.81,658782.6,301539.2100000001
46820,101,9282.91,20698.05,15274.23,5423.82
24741,114,3543.1200000000003,4792.49,3977.4600000000005,815.0299999999993
46820,38,155.79999999999998,3143.52,2444.1600000000003,699.3599999999997
24741,97,1364.7899999999997,22417.42,11036.659999999998,11380.76
24741,146,8104.46,32709.69,25678.48,7031.209999999999
46820,251,5692.68,7839.88,6967.76,872.1199999999999
38378,99,374.22,44848.59,31559.22,13289.369999999995
33615,219,30782.639999999996,122164.88,78980.16,43184.72
38378,112,1473.92,3993.83,3235.6800000000003,758.1499999999996
66037,170,11911.9,13613.64,12268.9,1344.7399999999998
46820,58,933.7999999999998,8912.29,5027.44,3884.8500000000013
38378,43,137.6,10244.38,5645.47,4598.909999999999
24741,24,1008.0,1143.98,1035.36,108.62000000000012
24741,192,16128.0,82720.95,69982.08,12738.869999999995
46820,17,103.69999999999999,376.28,260.61,115.66999999999996
66037,172,6694.24,36633.05,28292.28,8340.770000000004
66037,456,7150.08,22433.05,13930.8,8502.25
33615,217,7838.04,63976.38,53774.77,10201.61
66037,32,332.8,478.25,399.68,78.57
33615,1309,38301.34,117881.7,90033.02,27848.679999999993
38378,3169,227153.92,904101.28,571053.8,333047.48
24741,19,425.6,1074.2,708.13,366.07000000000005
66037,53,5334.98,32390.08,20383.8,12006.280000000002
46820,60,949.1999999999999,13882.18,9969.000000000002,3913.1799999999985
66037,51,3259.4100000000003,16201.53,11299.560000000001,4901.969999999999
46820,27,2974.86,21771.51,16063.11,5708.399999999998
33615,229,9393.58,144738.08,113414.54000000001,31323.53999999998
38378,371,37760.38,203894.97,117321.32999999999,86573.64000000001
46820,27,359.09999999999997,960.44,707.67,252.7700000000001
66037,60,1037.4,5517.34,4286.4,1230.9400000000005
33615,32,4791.360000000001,16084.75,11204.48,4880.27
24741,87,10091.13,15132.51,13638.99,1493.5200000000004
33615,88,8525.44,66220.27,49965.520000000004,16254.75
66037,56,3190.88,4184.1,3644.48,539.6200000000003
24741,196,14049.279999999999,55917.91,35319.2,20598.710000000006
66037,93,507.78000000000003,8498.03,4480.74,4017.290000000001
33615,130,13486.2,18858.08,16129.1,2728.9800000000014
24741,78,2325.96,9780.98,7984.080000000001,1796.8999999999987
38378,878,25075.68,270757.62,165994.68,104762.94
24741,261,475.02,172967.44,148840.47,24126.97
38378,446,5682.04,63153.12,40024.04,23129.08
38378,93,9647.82,13490.78,11538.51,1952.2700000000004
66037,54,438.47999999999996,2723.21,1555.2,1168.01
46820,108,10954.44,25265.2,19945.440000000002,5319.759999999998
24741,12,331.2,2932.44,2082.24,850.2000000000003
46820,151,835.0300000000001,25624.4,16825.93,8798.470000000001
33615,61,3727.71,4577.67,3975.37,602.3000000000002
33615,31,127.1,2564.45,1993.9199999999998,570.53
24741,40,1456.0,8899.07,7109.6,1789.4699999999993
66037,55,431.20000000000005,752.3,592.9000000000001,159.39999999999986
46820,26,635.1800000000001,11596.06,6938.88,4657.179999999999
33615,41,545.3,1380.5,1082.4,298.0999999999999
66037,408,6940.08,47952.71,27295.199999999997,20657.510000000002
33615,547,1914.5,24626.99,21360.35,3266.640000000003
66037,378,12171.6,24910.05,21107.52,3802.529999999999
33615,61,482.50999999999993,639.1,551.4399999999999,87.66000000000008
33615,83,4369.12,6293.02,5253.9,1039.1200000000008
33615,64,2531.2000000000003,12283.55,9665.28,2618.2699999999986
24741,54,593.46,4169.77,3555.9,613.8700000000003
24741,23,487.6,7158.82,4075.8299999999995,3082.9900000000002
24741,509,3634.26,214063.96,102950.34,111113.62
66037,50,854.0,4508.75,3388.5,1120.25
46820,117,2399.67,64739.54,36819.9,27919.64
66037,41,1030.33,2706.81,2373.08,333.73
33615,70,8908.199999999999,13234.0,11372.9,1861.1000000000004
46820,71,1565.55,17175.77,13707.259999999998,3468.510000000002
66037,22,1419.88,3964.33,3026.98,937.3499999999999
46820,10,725.8999999999999,1292.1,1068.6,223.5
33615,49,1468.04,2801.89,2048.69,753.1999999999998
24741,14,698.74,2471.82,1520.4,951.4200000000001
33615,73,8467.27,12697.4,11444.210000000001,1253.1899999999987
46820,76,418.00000000000006,11832.61,7919.2,3913.4100000000008
66037,25,504.0,693.74,612.0,81.74000000000001
46820,6099,22627.29,2363688.49,1836774.84,526913.6500000001
66037,137,920.6399999999999,1136.01,989.1399999999999,146.87000000000012
38378,61,2562.0,2907.61,2631.54,276.07000000000016
46820,26,309.4,5646.06,3426.54,2219.5200000000004
33615,30,60.0,5399.03,4310.099999999999,1088.9300000000003
66037,20,381.99999999999994,1178.81,885.4,293.40999999999997
66037,1198,21132.72,74026.58,52376.56,21650.020000000004
38378,46,358.8,392.99,359.26,33.73000000000002
66037,959,5236.139999999999,87630.26,46204.619999999995,41425.64
38378,74,2507.12,13068.59,9671.8,3396.790000000001
66037,166,14269.359999999999,38469.02,30472.62,7996.399999999998
66037,3,447.30000000000007,495.85,451.38000000000005,44.46999999999997
46820,74,606.06,37393.24,24011.520000000004,13381.719999999994
24741,51,4433.94,5863.15,5174.459999999999,688.6900000000005
38378,747,4340.07,79047.2,62479.08,16568.119999999995
66037,133,9738.26,11451.29,10143.91,1307.380000000001
38378,38,364.79999999999995,779.24,675.26,103.98000000000002
24741,3465,278447.4,373630.08,318052.35000000003,55577.72999999998
33615,32,249.60000000000002,1188.29,905.9200000000001,282.3699999999999
38378,117,4914.0,5576.9,5047.38,529.5199999999995
38378,44,52.8,10782.58,5203.4400000000005,5579.139999999999
24741,162,307.8,44226.78,36349.56,7877.220000000001
24741,49,1742.44,4060.44,2994.88,1065.56
38378,89,3738.0,17729.37,11695.49,6033.879999999999
46820,84,1352.3999999999999,8347.4,5146.68,3200.7199999999993
24741,118,1850.2400000000002,65305.76,47545.74,17760.020000000004
46820,137,10299.66,42623.73,26206.73,16417.000000000004
46820,106,1936.62,9747.31,8175.78,1571.5299999999997
33615,20,750.4,2804.01,2284.6,519.4100000000003
66037,22,492.8,1243.81,819.94,423.8699999999999
24741,93,3235.47,32439.65,22763.61,9676.04
38378,22,1061.06,1163.77,1063.26,100.50999999999999
33615,58,909.44,2853.33,1771.9,1081.4299999999998
66037,163,1255.1000000000001,32207.1,26771.12,5435.98
46820,1156,166371.52,597997.36,391849.32,206148.03999999998
38378,113,3361.75,5929.42,4794.59,1134.83
24741,27,480.06,1302.9,1120.5,182.4000000000001
66037,177,477.9000000000001,9662.82,6851.67,2811.1499999999996
33615,18,73.8,1489.03,1157.76,331.27
33615,84,17122.559999999998,21772.43,19375.44,2396.9900000000016
38378,23,1798.3700000000001,2002.16,1817.46,184.70000000000005
46820,192,739.2,29546.79,19689.600000000002,9857.189999999999
66037,14,1263.22,3545.08,2597.7,947.3800000000001
24741,72,3472.56,3808.72,3479.7599999999998,328.96000000000004
33615,52,6566.5599999999995,7258.05,6629.999999999999,628.0500000000011
66037,35,502.25,7910.57,6239.45,1671.12
33615,152,8629.039999999999,42481.47,36595.520000000004,5885.949999999997
24741,35,395.5,496.32,435.05,61.26999999999998
33615,15,491.99999999999994,2630.69,1868.55,762.1400000000001
66037,194,7903.560000000001,26351.12,18076.92,8274.2
46820,39,452.4,2115.04,1258.92,856.1199999999999
46820,213,5263.23,21645.99,14956.859999999999,6689.130000000003
46820,22,1344.42,1650.96,1433.74,217.22000000000003
66037,157,2857.4,82056.36,66863.16,15193.199999999997
33615,47,2668.1899999999996,13135.72,11315.720000000001,1819.9999999999982
24741,145,2334.5,22280.72,12568.6,9712.12
46820,11,330.0,429.02,382.03,46.99000000000001
46820,39,1345.8899999999999,3200.25,2648.1,552.1500000000001
24741,4,31.200000000000003,148.54,113.24000000000001,35.29999999999998
66037,25,1191.75,4351.7,3597.75,753.9499999999998
33615,49,1317.12,1519.79,1373.4699999999998,146.32000000000016
38378,18,1832.0399999999997,9892.48,5692.139999999999,4200.34
24741,207,3535.56,18666.21,14028.39,4637.82
46820,189,18230.940000000002,27451.85,22254.750000000004,5197.099999999995
38378,74,10650.079999999998,38280.11,25083.78,13196.330000000002
46820,88,2365.4399999999996,3368.75,2814.24,554.5100000000002
66037,306,792.54,138636.28,68586.84,70049.44
33615,1380,38640.0,98208.32,76590.0,21618.320000000007
24741,153,12980.519999999999,21592.76,17313.48,4279.279999999999
66037,46,3319.82,4887.3,4116.08,771.2200000000003
33615,226,7656.879999999999,39912.19,29538.199999999997,10373.990000000005
46820,284,377.72,7347.19,6194.04,1153.1499999999996
66037,35,965.3000000000001,5672.53,3081.75,2590.7799999999997
66037,53,1420.93,8982.99,6535.43,2447.5599999999995
24741,372,1562.3999999999999,4563.98,3772.08,791.8999999999996
33615,10,78.0,759.83,618.6,141.23000000000002
33615,306,12830.58,20192.02,18102.96,2089.0600000000013
24741,17,0.0,1533.53,1010.14,523.39
33615,22,211.2,251.65,222.2,29.450000000000017
33615,46,1368.5,3002.23,2603.1400000000003,399.0899999999997
24741,97,2261.0699999999997,15201.76,10658.359999999999,4543.4000000000015
33615,777,14195.789999999999,117959.32,81382.98,36576.34000000001
38378,178,2791.04,98512.08,71721.54,26790.540000000008
24741,197,12645.43,21627.71,17873.81,3753.899999999998
46820,84,75.6,13633.35,8484.84,5148.51
46820,38,670.32,14577.16,9250.34,5326.82
38378,10,9.0,1623.02,1010.1,612.92
46820,66,868.56,15246.6,7823.639999999999,7422.960000000001
38378,57,4875.780000000001,5973.18,5230.320000000001,742.8599999999997
33615,158,7222.18,16384.62,11406.02,4978.5999999999985
46820,46,2392.46,35836.34,30641.98,5194.359999999997
46820,32,3245.76,7485.98,5909.76,1576.2199999999993
66037,82,4563.3,6210.93,5441.52,769.4099999999999
46820,476,24823.4,45773.04,34143.48,11629.559999999998
66037,38,595.84,21030.67,15311.34,5719.329999999998
38378,131,25226.670000000002,60439.95,51214.45,9225.5
33615,15,675.1499999999999,1708.56,1149.6,558.96
33615,23,1906.24,2497.92,2201.1,296.82000000000016
66037,47,480.34000000000003,1187.67,940.0,247.67000000000007
66037,22,415.80000000000007,694.61,570.6800000000001,123.92999999999995
38378,211,708.96,10719.06,6152.76,4566.299999999999
46820,206,247.2,50482.09,24361.56,26120.529999999995
24741,20,688.8000000000001,12114.51,9832.0,2282.51
66037,254,76.2,107382.24,60678.06,46704.18000000001
46820,107,1752.6599999999999,38384.46,20811.5,17572.96
33615,77,1223.53,12703.34,7443.59,5259.75
38378,727,42594.93,127071.66,96770.97,30300.690000000002
33615,43,2016.7000000000003,11635.86,7904.6900000000005,3731.17
46820,62,2990.26,3279.73,2996.46,283.27
38378,21,466.20000000000005,708.23,599.1300000000001,109.09999999999991
38378,35,467.94999999999993,613.33,550.1999999999999,63.13000000000011
66037,54,1099.98,1379.3,1238.22,141.07999999999993
46820,13,366.59999999999997,1107.08,702.26,404.81999999999994
33615,60,150.0,1096.65,871.1999999999999,225.45000000000016
33615,78,5279.82,13805.68,10998.779999999999,2806.9000000000015
66037,239,451.71000000000004,22389.97,14552.71,7837.260000000002
24741,10,252.0,3918.69,2509.9,1408.79
38378,11,798.49,1421.31,1175.46,245.8499999999999
38378,11,152.89999999999998,188.07,170.71999999999997,17.350000000000023
66037,165,612.15,63946.32,49691.4,14254.919999999998
24741,92,2311.96,9462.01,7878.88,1583.13
38378,26,2089.36,3069.16,2709.2000000000003,359.9599999999996
46820,277,16151.869999999999,23071.94,20353.96,2717.9799999999996
46820,9,464.94,908.03,774.1800000000001,133.8499999999999
33615,128,11549.44,32412.12,23750.4,8661.719999999998
33615,84,3686.7599999999998,12447.68,9667.56,2780.120000000001
38378,512,6487.04,322437.48,237378.56,85058.91999999998
24741,732,29206.800000000003,35938.97,32574.000000000004,3364.9699999999975
24741,83,3892.7000000000003,22459.91,15257.890000000001,7202.019999999999
46820,68,1461.32,2703.41,2295.0,408.40999999999985
66037,44,979.44,5015.62,3793.6800000000003,1221.9399999999996
66037,45,2205.0,7432.88,5524.200000000001,1908.6799999999994
33615,130,9919.0,13500.9,12168.0,1332.8999999999996
38378,27,378.0,1309.69,1076.76,232.93000000000006
46820,55,550.55,2441.96,1415.15,1026.81
66037,4702,207358.19999999998,933535.2,710237.1,223298.09999999998
66037,109,2197.44,3024.7,2668.32,356.37999999999965
66037,1408,107726.07999999999,471439.8,316053.76,155386.03999999998
38378,75,150.0,13497.56,10775.249999999998,2722.3100000000013
24741,96,4650.24,5205.19,4735.679999999999,469.5100000000002
38378,84,5603.639999999999,134254.0,76690.31999999999,57563.68000000001
46820,21,18.9,3683.19,2728.9500000000003,954.2399999999998
46820,136,4531.52,5305.79,4789.92,515.8699999999999
24741,12,223.2,6255.7,3885.24,2370.46
38378,186,1328.04,36932.51,19185.9,17746.61
46820,36,2968.56,7881.34,5967.36,1913.9800000000005
24741,202,60.599999999999994,85398.47,48255.78,37142.69
66037,84,4645.2,7866.52,6103.44,1763.0800000000008
66037,72,2540.16,20647.46,13857.84,6789.619999999999
66037,34,1492.2599999999998,5038.35,3913.06,1125.2900000000004
38378,26,1989.26,8705.56,5836.22,2869.3399999999992
46820,182,3197.74,84421.36,72188.48000000001,12232.87999999999
46820,43,3103.3100000000004,4568.56,3847.6400000000003,720.9200000000001
46820,40,618.8000000000001,14809.49,7972.400000000001,6837.089999999999
33615,30,1173.8999999999999,11754.1,8545.2,3208.8999999999996
33615,98,5419.400000000001,9177.61,7120.68,2056.9300000000003
46820,28,1599.3600000000001,2943.37,2425.36,518.0099999999998
66037,43,397.32000000000005,2465.38,1846.85,618.5300000000002
33615,25,4168.5,4866.81,4345.0,521.8100000000004
46820,7,408.17,583.05,514.36,68.68999999999994
24741,33,679.14,1769.82,1476.75,293.06999999999994
24741,43,3148.46,3702.3,3279.61,422.69000000000005
46820,50,1344.0,1550.8,1401.5,149.29999999999995
33615,66,1247.4,2083.83,1712.04,371.78999999999996
66037,47,6293.7699999999995,19060.71,12170.65,6890.0599999999995
38378,108,2222.64,3261.24,2648.16,613.0799999999999
24741,780,30849.0,149705.71,117795.6,31910.109999999986
33615,26,955.5,1834.39,1604.72,229.67000000000007
46820,44,2242.24,5891.94,5056.92,835.0199999999995
33615,125,2441.25,26270.53,21746.25,4524.279999999999
24741,801,15811.739999999998,166328.83,99972.81,66356.01999999999
46820,22,970.1999999999999,4367.88,3323.1,1044.7800000000002
38378,41,892.5699999999999,1382.3,1186.9499999999998,195.35000000000014
46820,27,831.6000000000001,4385.1,3718.9800000000005,666.1199999999999
24741,625,14918.75,131257.05,78787.5,52469.54999999999
38378,162,14889.42,33198.85,24499.260000000002,8699.589999999997
24741,59,396.48,1024.23,878.51,145.72000000000003
24741,57,2102.73,5269.5,3761.4300000000003,1508.0699999999997
66037,270,45019.799999999996,52561.6,46925.99999999999,5635.600000000006
33615,32,70.4,447.49,297.28,150.21000000000004
46820,596,6800.36,22346.78,18958.76,3388.0200000000004
33615,633,15641.429999999998,64328.21,44449.259999999995,19878.950000000004
38378,30,525.0,22729.46,13373.7,9355.759999999998
33615,28,2136.4,2907.89,2620.8,287.0899999999997
46820,217,2308.88,41231.65,35672.63,5559.020000000004
24741,26,265.2,11021.42,5338.32,5683.1
66037,50,3759.0,15556.11,9564.5,5991.610000000001
33615,64,371.84,6772.45,5352.96,1419.4899999999998
38378,87,3842.7899999999995,24964.23,13675.529999999999,11288.7
38378,46,18.400000000000002,3997.79,3250.8199999999997,746.9700000000003
38378,44,708.3999999999999,2142.96,1337.6,805.3600000000001
33615,50,3668.0,61328.58,36364.0,24964.58
46820,12,460.79999999999995,523.22,474.59999999999997,48.62000000000006
24741,58,706.44,2291.91,1655.3200000000002,636.5899999999997
24741,741,7521.150000000001,208028.14,154557.78,53470.360000000015
38378,16,2073.1200000000003,2442.66,2221.4400000000005,221.21999999999935
33615,51,985.3199999999999,12001.55,8427.24,3574.3099999999995
33615,602,28781.62,57258.06,42952.7,14305.36
46820,801,13681.08,72230.13,54283.77,17946.360000000008
46820,1467,70445.34000000001,99030.68,84572.55000000002,14458.129999999976
66037,347,485.80000000000007,31851.77,23429.440000000002,8422.329999999998
66037,32,464.0,6813.35,5787.84,1025.5100000000002
24741,52,3377.9199999999996,4928.27,4059.1199999999994,869.150000000001
33615,17750,438602.5,1803832.21,1246405.0,557427.21
24741,70,1136.7999999999997,14228.94,7098.0,7130.9400000000005
24741,96,1968.9600000000003,53119.62,30211.199999999997,22908.420000000006
33615,83,639.1000000000001,4454.08,3130.76,1323.3199999999997
24741,759,37509.78,282743.17,194774.58,87968.59
66037,62,789.88,1148.79,1016.18,132.61
46820,19611,175714.56,1093104.39,770123.97,322980.4199999999
66037,50,864.5000000000001,8427.54,6136.0,2291.540000000001
66037,259,4532.5,30848.03,18238.78,12609.25
66037,53,1001.7000000000002,1673.38,1374.8200000000002,298.55999999999995
46820,140,5821.2,25655.83,20673.8,4982.0300000000025
38378,41,2184.0699999999997,2979.6,2665.8199999999997,313.7800000000002
38378,45,481.50000000000006,3521.02,3052.35,468.6700000000001
24741,40,384.0,820.25,710.8,109.45000000000005
66037,441,6976.619999999999,24397.97,18354.42,6043.550000000003
24741,26,365.81999999999994,6008.79,2958.2799999999997,3050.51
24741,221,4671.94,278472.54,143537.29,134935.24999999997
33615,122,1110.2,7146.74,4692.12,2454.62
66037,301,16645.3,28188.38,21870.66,6317.720000000001
46820,38,76.0,6838.77,5459.459999999999,1379.3100000000013
24741,167,8568.769999999999,11959.43,9779.519999999999,2179.9100000000017
46820,356,6230.0,208256.46,149313.52000000002,58942.93999999997
38378,54,1512.0,3842.93,2997.0,845.9299999999998
33615,31,449.49999999999994,6600.44,5606.97,993.4699999999993
24741,41,2172.59,2420.59,2201.7000000000003,218.88999999999987
24741,37,488.40000000000003,2281.45,1735.67,545.7799999999997
38378,46,87.4,1218.68,1029.48,189.20000000000005
38378,658,15982.820000000002,32327.36,25872.56,6454.799999999999
33615,663,54949.44,72005.4,63449.100000000006,8556.299999999988
46820,39,9514.050000000001,10502.75,9585.420000000002,917.3299999999981
66037,51,517.65,10616.41,9002.52,1613.8899999999994
66037,166,1789.48,114208.31,87350.85999999999,26857.45000000001
46820,31,83.70000000000002,2931.57,1912.7,1018.8700000000001
33615,18,418.32,763.0,669.6,93.39999999999998
66037,23,912.87,1342.56,1126.54,216.01999999999998
24741,173,1986.0399999999997,18563.83,15518.099999999999,3045.730000000003
66037,108,5685.12,8188.51,6836.4,1352.1100000000006
24741,721,23720.9,76185.62,52596.95,23588.67
38378,118,10795.82,15823.03,13190.039999999999,2632.9900000000016
38378,685,3356.4999999999995,42761.43,29564.6,13196.830000000002
24741,91,8363.810000000001,18648.73,13761.93,4886.799999999999
